ID;Name;Slika_URL;Product_URL
11651;"FARO Elektronikfeuerzeuge, 50er Display, ""HEMP 2""";https://shop.knistermann.de/media/image/14/d3/fc/FZG_FO_428_01_200x200.jpg;https://shop.knistermann.de/raucherbedarf/feuerzeuge/elektronikfeuerzeuge/11651/faro-elektronikfeuerzeuge-50er-display-hemp-2
7656;Clipper Feuerzeuge groß, 12er Display, METALL GOLD;https://shop.knistermann.de/media/image/8b/0d/c6/CLIP_FZ_418_01hrsk43NHxHtbj_200x200.jpg;https://shop.knistermann.de/raucherbedarf/feuerzeuge/clipper/special-clipper/7656/clipper-feuerzeuge-gross-12er-display-metall-gold
11208;Clipper Feuerzeuge Large, 12er Display, METAL MATT ALL BLACK;https://shop.knistermann.de/media/image/7a/73/1b/CLIP_FZ_288_01gxkhKLJcY4alB_200x200.jpg;https://shop.knistermann.de/raucherbedarf/feuerzeuge/clipper/large-clipper/11208/clipper-feuerzeuge-large-12er-display-metal-matt-all-black
11125;Clipper Feuerzeuge groß, 12er Display, METALL BLACK GRADIENT;https://shop.knistermann.de/media/image/5b/b4/6b/CLIP_FZ_544_01qaSCcPurdbT8x_200x200.jpg;https://shop.knistermann.de/raucherbedarf/feuerzeuge/clipper/special-clipper/11125/clipper-feuerzeuge-gross-12er-display-metall-black-gradient
11528;"Metall Grinder/Polinator ""Champ High"", 4-part, Ø 60mm";https://shop.knistermann.de/media/image/39/86/a1/POLI_331_01_200x200.jpg;https://shop.knistermann.de/raucherbedarf/grinder-polinator/polinator/11528/metall-grinder/polinator-champ-high-4-part-oe-60mm
10474;IRIE XTRA Light King Size Slim Papier;https://shop.knistermann.de/media/image/6f/a1/56/PA_DIV_28_01I3md4Yehw5WXb_200x200.jpg;https://shop.knistermann.de/wieder-da/10474/irie-xtra-light-king-size-slim-papier
11150;JaJa Noir King Size XXL Black Zigarettenpapier;https://shop.knistermann.de/media/image/fa/18/e9/JAJA_13_01_200x200.jpg;https://shop.knistermann.de/raucherbedarf/papier/sonstige-papiere/king-size-slim/11150/jaja-noir-king-size-xxl-black-zigarettenpapier-24er-box
2623;Smoking DeLuxe Slim Rolls (Black);https://shop.knistermann.de/media/image/4f/27/59/SMO_RL_01_015d5c44ce61238_200x200.jpg;https://shop.knistermann.de/raucherbedarf/papier/smoking/smoking-rolls/2623/smoking-deluxe-slim-rolls-black
8046;Smoking BROWN THINNEST Rolls;https://shop.knistermann.de/media/image/96/e0/ff/SMO_RL_08_01VGnvrqBZSa7xB_200x200.jpg;https://shop.knistermann.de/raucherbedarf/papier/smoking/smoking-rolls/8046/smoking-brown-thinnest-rolls
1094;Smoking Master Ultra Slim Rolls (Silver);https://shop.knistermann.de/media/image/30/ce/d8/SMO_RL_02_01_200x200.jpg;https://shop.knistermann.de/raucherbedarf/papier/smoking/smoking-rolls/1094/smoking-master-ultra-slim-rolls-silver
10515;SmK Gold Rolls;https://shop.knistermann.de/media/image/a8/bc/74/SMK_RL_01_01_200x200.jpg;https://shop.knistermann.de/raucherbedarf/papier/smoking/smoking-rolls/10515/smk-gold-rolls
10513;SmK Gold King Size Slim Papers + Filtertips;https://shop.knistermann.de/media/image/c2/18/36/SMK_PAP_01_01_200x200.jpg;https://shop.knistermann.de/raucherbedarf/papier/smoking/smoking-king-size-slim/10513/smk-gold-king-size-slim-papers-filtertips
